{
    "O(n^2)": [
        0.08535408973693848,
        0.19358110427856445,
        0.2817349433898926,
        0.4247751235961914,
        0.5592949390411377,
        0.6410210132598877,
        0.8006241321563721,
        0.9392831325531006,
        1.053999900817871,
        1.2148950099945068,
        1.232907772064209,
        1.3988940715789795,
        1.5695600509643555,
        1.681143045425415,
        1.8327138423919678,
        2.1782500743865967,
        2.4343481063842773,
        2.4731669425964355,
        2.38198184967041,
        2.8589367866516113,
        2.8660740852355957,
        3.0990779399871826,
        3.8857390880584717,
        3.431682825088501,
        3.3534340858459473,
        3.6455180644989014,
        3.9300150871276855,
        4.670086860656738,
        4.389210939407349,
        4.051708221435547,
        4.649193048477173,
        5.023732900619507,
        5.182667970657349,
        5.461575031280518,
        5.020269870758057,
        5.590005874633789,
        5.3707661628723145,
        6.060199022293091,
        5.7539989948272705,
        6.384821891784668,
        7.121648073196411,
        6.264974117279053,
        6.209417819976807,
        6.823752164840698,
        6.860952138900757,
        8.13961911201477,
        7.497392892837524,
        7.584158897399902,
        7.513526916503906,
        7.835571050643921
    ],
    "O(n^4/3)": [
        0.05215120315551758,
        0.10546183586120605,
        0.1571519374847412,
        0.2206122875213623,
        0.2793891429901123,
        0.3288569450378418,
        0.3654918670654297,
        0.4210538864135742,
        0.47150683403015137,
        0.5379550457000732,
        0.5742101669311523,
        0.6376910209655762,
        0.6942229270935059,
        0.7583050727844238,
        0.7868180274963379,
        0.8467040061950684,
        0.9286510944366455,
        1.070256233215332,
        1.0009217262268066,
        1.1462290287017822,
        1.2174890041351318,
        1.342297077178955,
        1.3569972515106201,
        1.4069747924804688,
        1.322237253189087,
        1.3927369117736816,
        1.5639028549194336,
        1.6388890743255615,
        1.6026268005371094,
        1.6308741569519043,
        1.819214105606079,
        1.7184510231018066,
        1.7832672595977783,
        1.9002549648284912,
        2.0347061157226562,
        2.2131149768829346,
        2.0164880752563477,
        2.1286981105804443,
        2.1629960536956787,
        2.278546094894409,
        2.2723867893218994,
        2.334433078765869,
        2.3782551288604736,
        2.55623197555542,
        2.7777793407440186,
        2.7849621772766113,
        3.1648550033569336,
        2.788195848464966,
        2.766680955886841,
        2.809451103210449
    ],
    "O(n^3/2)": [
        0.054316043853759766,
        0.10873293876647949,
        0.16341829299926758,
        0.21842193603515625,
        0.3156931400299072,
        0.33022284507751465,
        0.381436824798584,
        0.43555521965026855,
        0.4932529926300049,
        0.553720235824585,
        0.6040687561035156,
        0.6575863361358643,
        0.7191879749298096,
        0.8261749744415283,
        0.8532238006591797,
        0.9604232311248779,
        0.9425888061523438,
        1.0093419551849365,
        1.0462548732757568,
        1.2287888526916504,
        1.3042471408843994,
        1.4384608268737793,
        1.3770020008087158,
        1.364654779434204,
        1.4190242290496826,
        1.5137321949005127,
        1.571864128112793,
        1.7100028991699219,
        1.6563069820404053,
        1.699397087097168,
        1.8615179061889648,
        1.7841789722442627,
        2.026776075363159,
        1.9411547183990479,
        2.01784086227417,
        2.2295989990234375,
        2.103266716003418,
        2.4750592708587646,
        2.277104139328003,
        2.525891065597534,
        2.4703123569488525,
        2.406424045562744,
        2.4837570190429688,
        2.8299267292022705,
        2.8154759407043457,
        2.787958860397339,
        3.4037680625915527,
        3.0988082885742188,
        2.877530097961426,
        2.927424192428589
    ],
    "Inkrementy o Zmniejszeniu Kwadratowym": [
        0.03325200080871582,
        0.06690502166748047,
        0.09982991218566895,
        0.13303518295288086,
        0.17423796653747559,
        0.20796489715576172,
        0.23348784446716309,
        0.267014741897583,
        0.31204795837402344,
        0.3332068920135498,
        0.3696119785308838,
        0.40663909912109375,
        0.4353950023651123,
        0.499129056930542,
        0.5542490482330322,
        0.5759198665618896,
        0.5662646293640137,
        0.6133639812469482,
        0.6410162448883057,
        0.7430541515350342,
        0.7817409038543701,
        0.8126471042633057,
        0.8503320217132568,
        0.8119461536407471,
        0.8498830795288086,
        0.983989953994751,
        1.0026848316192627,
        1.008448839187622,
        1.0420269966125488,
        1.0097432136535645,
        1.0776739120483398,
        1.1862618923187256,
        1.2638752460479736,
        1.195303201675415,
        1.2319622039794922,
        1.3298900127410889,
        1.3508119583129883,
        1.3672139644622803,
        1.3626608848571777,
        1.445664882659912,
        1.4315130710601807,
        1.4532008171081543,
        1.499912977218628,
        1.6490578651428223,
        1.696275234222412,
        1.8719182014465332,
        1.97568678855896,
        1.774813175201416,
        1.7261269092559814,
        1.7519500255584717
    ],
    "Inkrementy o Zwi\u0119kszonym Zmniejszeniu U\u0142amkowym": [
        0.03816080093383789,
        0.0764780044555664,
        0.11395406723022461,
        0.15186619758605957,
        0.20138120651245117,
        0.24759197235107422,
        0.2650439739227295,
        0.30803894996643066,
        0.34254908561706543,
        0.38505005836486816,
        0.41516613960266113,
        0.46033477783203125,
        0.4977869987487793,
        0.5788888931274414,
        0.6389102935791016,
        0.7474548816680908,
        0.6554901599884033,
        0.6935439109802246,
        0.7181408405303955,
        0.8902177810668945,
        0.8872067928314209,
        0.926826000213623,
        0.9815020561218262,
        0.9760739803314209,
        0.974869966506958,
        1.1987049579620361,
        1.090818166732788,
        1.1683688163757324,
        1.182037115097046,
        1.1765329837799072,
        1.1954529285430908,
        1.6370229721069336,
        1.4343581199645996,
        1.4624156951904297,
        1.3975942134857178,
        1.460770845413208,
        1.517772912979126,
        1.6777479648590088,
        1.5910580158233643,
        1.656731128692627,
        1.654858112335205,
        1.6747219562530518,
        1.7250189781188965,
        1.7809569835662842,
        1.957308053970337,
        2.0018839836120605,
        2.178001880645752,
        2.0686049461364746,
        2.011136054992676,
        2.0342321395874023
    ],